,itemsets,dates,supports,tot_dates
0,frozenset({'amp'}),"[datetime.date(2020, 7, 24), datetime.date(2020, 7, 25), datetime.date(2020, 7, 26), datetime.date(2020, 7, 27), datetime.date(2020, 7, 28), datetime.date(2020, 7, 29), datetime.date(2020, 7, 30), datetime.date(2020, 7, 31), datetime.date(2020, 8, 1), datetime.date(2020, 8, 2), datetime.date(2020, 8, 4), datetime.date(2020, 8, 6), datetime.date(2020, 8, 7), datetime.date(2020, 8, 8), datetime.date(2020, 8, 9), datetime.date(2020, 8, 10), datetime.date(2020, 8, 11), datetime.date(2020, 8, 12), datetime.date(2020, 8, 13), datetime.date(2020, 8, 14), datetime.date(2020, 8, 16), datetime.date(2020, 8, 17), datetime.date(2020, 8, 18), datetime.date(2020, 8, 22), datetime.date(2020, 8, 29), datetime.date(2020, 8, 30)]","[0.03389830508474576, 0.06137077187370416, 0.0684, 0.07266666666666667, 0.059333333333333335, 0.06618705035971223, 0.0707070707070707, 0.0752, 0.05773333333333333, 0.062, 0.06666666666666667, 0.07845855281397283, 0.07547169811320754, 0.06706666666666666, 0.0576, 0.06951543651604988, 0.05706666666666667, 0.0668, 0.07546666666666667, 0.07866666666666666, 0.05506666666666667, 0.06146666666666667, 0.06386666666666667, 0.05867589787970576, 0.07407407407407407, 0.06507462686567164]",26
15,frozenset({'new'}),"[datetime.date(2020, 7, 24), datetime.date(2020, 7, 25), datetime.date(2020, 7, 26), datetime.date(2020, 7, 27), datetime.date(2020, 7, 28), datetime.date(2020, 7, 29), datetime.date(2020, 7, 30), datetime.date(2020, 7, 31), datetime.date(2020, 8, 1), datetime.date(2020, 8, 2), datetime.date(2020, 8, 4), datetime.date(2020, 8, 6), datetime.date(2020, 8, 7), datetime.date(2020, 8, 8), datetime.date(2020, 8, 9), datetime.date(2020, 8, 10), datetime.date(2020, 8, 11), datetime.date(2020, 8, 12), datetime.date(2020, 8, 13), datetime.date(2020, 8, 14), datetime.date(2020, 8, 16), datetime.date(2020, 8, 17), datetime.date(2020, 8, 18), datetime.date(2020, 8, 22), datetime.date(2020, 8, 29), datetime.date(2020, 8, 30)]","[0.061016949152542375, 0.0727445056572478, 0.08426666666666667, 0.07346666666666667, 0.06373333333333334, 0.06870503597122302, 0.06666666666666667, 0.07066666666666667, 0.064, 0.06706666666666666, 0.06146666666666667, 0.0722206820072082, 0.07924528301886792, 0.0748, 0.07973333333333334, 0.07953383766101002, 0.07386666666666666, 0.0864, 0.0724, 0.07093333333333333, 0.07186666666666666, 0.08346666666666666, 0.08386666666666667, 0.0685417568152315, 0.0875643855776306, 0.08441791044776119]",26
29,frozenset({'us'}),"[datetime.date(2020, 7, 24), datetime.date(2020, 7, 25), datetime.date(2020, 7, 26), datetime.date(2020, 7, 27), datetime.date(2020, 7, 28), datetime.date(2020, 7, 29), datetime.date(2020, 7, 30), datetime.date(2020, 7, 31), datetime.date(2020, 8, 1), datetime.date(2020, 8, 2), datetime.date(2020, 8, 4), datetime.date(2020, 8, 6), datetime.date(2020, 8, 7), datetime.date(2020, 8, 8), datetime.date(2020, 8, 9), datetime.date(2020, 8, 10), datetime.date(2020, 8, 11), datetime.date(2020, 8, 12), datetime.date(2020, 8, 13), datetime.date(2020, 8, 14), datetime.date(2020, 8, 16), datetime.date(2020, 8, 17), datetime.date(2020, 8, 18), datetime.date(2020, 8, 22), datetime.date(2020, 8, 29), datetime.date(2020, 8, 30)]","[0.030508474576271188, 0.0363722528286239, 0.03693333333333333, 0.0344, 0.0388, 0.02841726618705036, 0.04292929292929293, 0.03426666666666667, 0.034666666666666665, 0.0372, 0.0372, 0.03881341835320211, 0.04245283018867924, 0.03693333333333333, 0.03266666666666666, 0.03884686158249847, 0.032933333333333335, 0.0364, 0.032, 0.04226666666666667, 0.0348, 0.037866666666666667, 0.03426666666666667, 0.038165296408481174, 0.034584253127299486, 0.034388059701492536]",26
37,"frozenset({'pandem', 'covid'})","[datetime.date(2020, 7, 24), datetime.date(2020, 7, 25), datetime.date(2020, 7, 26), datetime.date(2020, 7, 27), datetime.date(2020, 7, 28), datetime.date(2020, 7, 29), datetime.date(2020, 7, 30), datetime.date(2020, 7, 31), datetime.date(2020, 8, 1), datetime.date(2020, 8, 2), datetime.date(2020, 8, 4), datetime.date(2020, 8, 6), datetime.date(2020, 8, 7), datetime.date(2020, 8, 8), datetime.date(2020, 8, 9), datetime.date(2020, 8, 10), datetime.date(2020, 8, 11), datetime.date(2020, 8, 12), datetime.date(2020, 8, 13), datetime.date(2020, 8, 14), datetime.date(2020, 8, 16), datetime.date(2020, 8, 17), datetime.date(2020, 8, 18), datetime.date(2020, 8, 22), datetime.date(2020, 8, 29), datetime.date(2020, 8, 30)]","[0.03728813559322034, 0.03074462413364137, 0.0268, 0.031466666666666664, 0.03266666666666666, 0.03633093525179856, 0.03636363636363636, 0.036533333333333334, 0.031733333333333336, 0.032266666666666666, 0.0332, 0.038952037704463545, 0.04339622641509434, 0.030133333333333335, 0.03186666666666667, 0.03905131874872214, 0.03333333333333333, 0.03253333333333333, 0.037066666666666664, 0.03373333333333333, 0.026266666666666667, 0.034, 0.037333333333333336, 0.03911726525313717, 0.035074809909246996, 0.03140298507462687]",26
23,frozenset({'test'}),"[datetime.date(2020, 7, 24), datetime.date(2020, 7, 25), datetime.date(2020, 7, 26), datetime.date(2020, 7, 27), datetime.date(2020, 7, 28), datetime.date(2020, 7, 29), datetime.date(2020, 7, 30), datetime.date(2020, 7, 31), datetime.date(2020, 8, 1), datetime.date(2020, 8, 2), datetime.date(2020, 8, 4), datetime.date(2020, 8, 6), datetime.date(2020, 8, 7), datetime.date(2020, 8, 8), datetime.date(2020, 8, 9), datetime.date(2020, 8, 10), datetime.date(2020, 8, 11), datetime.date(2020, 8, 12), datetime.date(2020, 8, 13), datetime.date(2020, 8, 14), datetime.date(2020, 8, 16), datetime.date(2020, 8, 17), datetime.date(2020, 8, 18), datetime.date(2020, 8, 22), datetime.date(2020, 8, 29), datetime.date(2020, 8, 30)]","[0.02711864406779661, 0.052129613174574964, 0.0448, 0.047733333333333336, 0.0496, 0.06906474820143885, 0.04141414141414142, 0.0432, 0.054266666666666664, 0.061066666666666665, 0.06093333333333333, 0.05225949542556141, 0.05849056603773585, 0.053733333333333334, 0.0612, 0.04825189122878757, 0.036, 0.0396, 0.0504, 0.0432, 0.04733333333333333, 0.055466666666666664, 0.04306666666666667, 0.05106014712245781, 0.042187883247485895, 0.044417910447761194]",26
2,frozenset({'case'}),"[datetime.date(2020, 7, 24), datetime.date(2020, 7, 25), datetime.date(2020, 7, 26), datetime.date(2020, 7, 27), datetime.date(2020, 7, 28), datetime.date(2020, 7, 29), datetime.date(2020, 7, 30), datetime.date(2020, 7, 31), datetime.date(2020, 8, 1), datetime.date(2020, 8, 2), datetime.date(2020, 8, 4), datetime.date(2020, 8, 6), datetime.date(2020, 8, 7), datetime.date(2020, 8, 8), datetime.date(2020, 8, 9), datetime.date(2020, 8, 10), datetime.date(2020, 8, 11), datetime.date(2020, 8, 12), datetime.date(2020, 8, 13), datetime.date(2020, 8, 14), datetime.date(2020, 8, 16), datetime.date(2020, 8, 17), datetime.date(2020, 8, 18), datetime.date(2020, 8, 22), datetime.date(2020, 8, 29), datetime.date(2020, 8, 30)]","[0.0576271186440678, 0.10639180143356436, 0.1384, 0.1132, 0.09226666666666666, 0.06115107913669065, 0.05707070707070707, 0.06573333333333334, 0.08266666666666667, 0.08173333333333334, 0.09053333333333333, 0.07831993346271139, 0.06792452830188679, 0.09786666666666667, 0.12146666666666667, 0.08096503782457574, 0.07466666666666667, 0.09426666666666667, 0.078, 0.1012, 0.10893333333333333, 0.10573333333333333, 0.07826666666666666, 0.10739939420164431, 0.11037527593818984, 0.13826865671641791]",26
18,frozenset({'peopl'}),"[datetime.date(2020, 7, 24), datetime.date(2020, 7, 25), datetime.date(2020, 7, 26), datetime.date(2020, 7, 27), datetime.date(2020, 7, 28), datetime.date(2020, 7, 29), datetime.date(2020, 7, 30), datetime.date(2020, 7, 31), datetime.date(2020, 8, 1), datetime.date(2020, 8, 2), datetime.date(2020, 8, 4), datetime.date(2020, 8, 6), datetime.date(2020, 8, 7), datetime.date(2020, 8, 8), datetime.date(2020, 8, 9), datetime.date(2020, 8, 10), datetime.date(2020, 8, 11), datetime.date(2020, 8, 12), datetime.date(2020, 8, 13), datetime.date(2020, 8, 14), datetime.date(2020, 8, 16), datetime.date(2020, 8, 17), datetime.date(2020, 8, 18), datetime.date(2020, 8, 22), datetime.date(2020, 8, 29), datetime.date(2020, 8, 30)]","[0.03728813559322034, 0.05082637284521059, 0.055466666666666664, 0.051866666666666665, 0.0524, 0.048561151079136694, 0.06515151515151515, 0.04853333333333333, 0.06213333333333333, 0.056266666666666666, 0.0472, 0.04283337953978376, 0.04905660377358491, 0.05853333333333333, 0.06253333333333333, 0.04436720507053772, 0.0504, 0.053733333333333334, 0.05226666666666667, 0.046533333333333336, 0.05173333333333333, 0.04613333333333333, 0.0472, 0.05590653396797923, 0.051508462104488596, 0.055044776119402984]",26
17,frozenset({'pandem'}),"[datetime.date(2020, 7, 24), datetime.date(2020, 7, 25), datetime.date(2020, 7, 26), datetime.date(2020, 7, 27), datetime.date(2020, 7, 28), datetime.date(2020, 7, 29), datetime.date(2020, 7, 30), datetime.date(2020, 7, 31), datetime.date(2020, 8, 1), datetime.date(2020, 8, 2), datetime.date(2020, 8, 4), datetime.date(2020, 8, 6), datetime.date(2020, 8, 7), datetime.date(2020, 8, 8), datetime.date(2020, 8, 9), datetime.date(2020, 8, 10), datetime.date(2020, 8, 11), datetime.date(2020, 8, 12), datetime.date(2020, 8, 13), datetime.date(2020, 8, 14), datetime.date(2020, 8, 16), datetime.date(2020, 8, 17), datetime.date(2020, 8, 18), datetime.date(2020, 8, 22), datetime.date(2020, 8, 29), datetime.date(2020, 8, 30)]","[0.06440677966101695, 0.0444286475919673, 0.04, 0.04426666666666667, 0.048666666666666664, 0.05143884892086331, 0.05101010101010101, 0.0512, 0.04666666666666667, 0.0468, 0.04666666666666667, 0.0533684502356529, 0.057547169811320756, 0.04533333333333334, 0.045066666666666665, 0.05765692087507667, 0.0472, 0.0456, 0.0508, 0.05346666666666667, 0.0396, 0.045733333333333334, 0.06, 0.053050627434011254, 0.04856512141280353, 0.04250746268656717]",26
33,"frozenset({'case', 'covid'})","[datetime.date(2020, 7, 24), datetime.date(2020, 7, 25), datetime.date(2020, 7, 26), datetime.date(2020, 7, 27), datetime.date(2020, 7, 28), datetime.date(2020, 7, 29), datetime.date(2020, 7, 30), datetime.date(2020, 7, 31), datetime.date(2020, 8, 1), datetime.date(2020, 8, 2), datetime.date(2020, 8, 4), datetime.date(2020, 8, 6), datetime.date(2020, 8, 7), datetime.date(2020, 8, 8), datetime.date(2020, 8, 9), datetime.date(2020, 8, 10), datetime.date(2020, 8, 11), datetime.date(2020, 8, 12), datetime.date(2020, 8, 13), datetime.date(2020, 8, 14), datetime.date(2020, 8, 16), datetime.date(2020, 8, 17), datetime.date(2020, 8, 18), datetime.date(2020, 8, 22), datetime.date(2020, 8, 29), datetime.date(2020, 8, 30)]","[0.04067796610169491, 0.08749481665778094, 0.1168, 0.09786666666666667, 0.0772, 0.051798561151079135, 0.04595959595959596, 0.054, 0.06573333333333334, 0.06306666666666666, 0.0732, 0.068339340171888, 0.05471698113207547, 0.0852, 0.1004, 0.06706195052136578, 0.06213333333333333, 0.07826666666666666, 0.0656, 0.08426666666666667, 0.0916, 0.09013333333333333, 0.0656, 0.08766767633059282, 0.0799607554574442, 0.11008955223880597]",26
34,"frozenset({'coronaviru', 'covid'})","[datetime.date(2020, 7, 24), datetime.date(2020, 7, 25), datetime.date(2020, 7, 26), datetime.date(2020, 7, 27), datetime.date(2020, 7, 28), datetime.date(2020, 7, 29), datetime.date(2020, 7, 30), datetime.date(2020, 7, 31), datetime.date(2020, 8, 1), datetime.date(2020, 8, 2), datetime.date(2020, 8, 4), datetime.date(2020, 8, 6), datetime.date(2020, 8, 7), datetime.date(2020, 8, 8), datetime.date(2020, 8, 9), datetime.date(2020, 8, 10), datetime.date(2020, 8, 11), datetime.date(2020, 8, 12), datetime.date(2020, 8, 13), datetime.date(2020, 8, 14), datetime.date(2020, 8, 16), datetime.date(2020, 8, 17), datetime.date(2020, 8, 18), datetime.date(2020, 8, 22), datetime.date(2020, 8, 29), datetime.date(2020, 8, 30)]","[0.0576271186440678, 0.06125229548012558, 0.072, 0.066, 0.05946666666666667, 0.030575539568345324, 0.048484848484848485, 0.047733333333333336, 0.0496, 0.06186666666666667, 0.0552, 0.04505128915996673, 0.04716981132075472, 0.0592, 0.06786666666666667, 0.0445716622367614, 0.056, 0.0532, 0.05026666666666667, 0.06213333333333333, 0.06093333333333333, 0.066, 0.044, 0.060666378191259196, 0.05788570026980623, 0.06650746268656717]",26
13,frozenset({'mask'}),"[datetime.date(2020, 7, 24), datetime.date(2020, 7, 25), datetime.date(2020, 7, 26), datetime.date(2020, 7, 27), datetime.date(2020, 7, 28), datetime.date(2020, 7, 29), datetime.date(2020, 7, 30), datetime.date(2020, 7, 31), datetime.date(2020, 8, 1), datetime.date(2020, 8, 2), datetime.date(2020, 8, 4), datetime.date(2020, 8, 6), datetime.date(2020, 8, 7), datetime.date(2020, 8, 8), datetime.date(2020, 8, 9), datetime.date(2020, 8, 10), datetime.date(2020, 8, 11), datetime.date(2020, 8, 12), datetime.date(2020, 8, 13), datetime.date(2020, 8, 14), datetime.date(2020, 8, 16), datetime.date(2020, 8, 17), datetime.date(2020, 8, 18), datetime.date(2020, 8, 22), datetime.date(2020, 8, 29), datetime.date(2020, 8, 30)]","[0.06440677966101695, 0.04401398021444227, 0.044, 0.04133333333333333, 0.031466666666666664, 0.04820143884892086, 0.05, 0.03506666666666667, 0.04133333333333333, 0.0416, 0.0312, 0.03118935403382312, 0.040566037735849055, 0.042, 0.03506666666666667, 0.03414434675935391, 0.03, 0.029066666666666668, 0.028533333333333334, 0.037733333333333334, 0.0272, 0.030933333333333334, 0.0292, 0.02959757680657724, 0.036546480255089525, 0.03319402985074627]",26
8,frozenset({'get'}),"[datetime.date(2020, 7, 24), datetime.date(2020, 7, 25), datetime.date(2020, 7, 26), datetime.date(2020, 7, 27), datetime.date(2020, 7, 28), datetime.date(2020, 7, 29), datetime.date(2020, 7, 30), datetime.date(2020, 7, 31), datetime.date(2020, 8, 1), datetime.date(2020, 8, 2), datetime.date(2020, 8, 4), datetime.date(2020, 8, 6), datetime.date(2020, 8, 7), datetime.date(2020, 8, 8), datetime.date(2020, 8, 9), datetime.date(2020, 8, 10), datetime.date(2020, 8, 11), datetime.date(2020, 8, 12), datetime.date(2020, 8, 13), datetime.date(2020, 8, 14), datetime.date(2020, 8, 16), datetime.date(2020, 8, 17), datetime.date(2020, 8, 18), datetime.date(2020, 8, 22), datetime.date(2020, 8, 29), datetime.date(2020, 8, 30)]","[0.04406779661016949, 0.03412120135063089, 0.028533333333333334, 0.0312, 0.035333333333333335, 0.03633093525179856, 0.03383838383838384, 0.033466666666666665, 0.0392, 0.034666666666666665, 0.03666666666666667, 0.03326864430274466, 0.033962264150943396, 0.03866666666666667, 0.0272, 0.03741566141893273, 0.030933333333333334, 0.028133333333333333, 0.03, 0.04493333333333333, 0.0312, 0.034133333333333335, 0.03213333333333333, 0.034530506274340116, 0.051999018886436106, 0.03044776119402985]",26
6,frozenset({'death'}),"[datetime.date(2020, 7, 24), datetime.date(2020, 7, 25), datetime.date(2020, 7, 26), datetime.date(2020, 7, 27), datetime.date(2020, 7, 28), datetime.date(2020, 7, 29), datetime.date(2020, 7, 30), datetime.date(2020, 7, 31), datetime.date(2020, 8, 1), datetime.date(2020, 8, 2), datetime.date(2020, 8, 4), datetime.date(2020, 8, 6), datetime.date(2020, 8, 7), datetime.date(2020, 8, 8), datetime.date(2020, 8, 9), datetime.date(2020, 8, 10), datetime.date(2020, 8, 11), datetime.date(2020, 8, 12), datetime.date(2020, 8, 13), datetime.date(2020, 8, 14), datetime.date(2020, 8, 16), datetime.date(2020, 8, 17), datetime.date(2020, 8, 18), datetime.date(2020, 8, 22), datetime.date(2020, 8, 29), datetime.date(2020, 8, 30)]","[0.061016949152542375, 0.051951898584207096, 0.07186666666666666, 0.058, 0.04933333333333333, 0.04136690647482014, 0.047979797979797977, 0.03613333333333334, 0.05346666666666667, 0.05293333333333333, 0.058133333333333335, 0.04491266980870529, 0.04716981132075472, 0.0548, 0.0592, 0.04804743406256389, 0.0292, 0.048666666666666664, 0.0416, 0.05506666666666667, 0.06866666666666667, 0.06306666666666666, 0.047066666666666666, 0.057118130679359586, 0.08020603384841796, 0.07976119402985074]",26
4,frozenset({'covid'}),"[datetime.date(2020, 7, 24), datetime.date(2020, 7, 25), datetime.date(2020, 7, 26), datetime.date(2020, 7, 27), datetime.date(2020, 7, 28), datetime.date(2020, 7, 29), datetime.date(2020, 7, 30), datetime.date(2020, 7, 31), datetime.date(2020, 8, 1), datetime.date(2020, 8, 2), datetime.date(2020, 8, 4), datetime.date(2020, 8, 6), datetime.date(2020, 8, 7), datetime.date(2020, 8, 8), datetime.date(2020, 8, 9), datetime.date(2020, 8, 10), datetime.date(2020, 8, 11), datetime.date(2020, 8, 12), datetime.date(2020, 8, 13), datetime.date(2020, 8, 14), datetime.date(2020, 8, 16), datetime.date(2020, 8, 17), datetime.date(2020, 8, 18), datetime.date(2020, 8, 22), datetime.date(2020, 8, 29), datetime.date(2020, 8, 30)]","[0.5728813559322034, 0.6070730406966411, 0.6188, 0.6116, 0.6128, 0.6111510791366906, 0.6131313131313131, 0.5896, 0.6134666666666667, 0.5982666666666666, 0.6072, 0.6093706681452731, 0.5830188679245283, 0.6038666666666667, 0.6348, 0.582089552238806, 0.6016, 0.5942666666666667, 0.5873333333333334, 0.5864, 0.6289333333333333, 0.6077333333333333, 0.5741333333333334, 0.6011250540891389, 0.5965170468481726, 0.6131343283582089]",26
3,frozenset({'coronaviru'}),"[datetime.date(2020, 7, 24), datetime.date(2020, 7, 25), datetime.date(2020, 7, 26), datetime.date(2020, 7, 27), datetime.date(2020, 7, 28), datetime.date(2020, 7, 29), datetime.date(2020, 7, 30), datetime.date(2020, 7, 31), datetime.date(2020, 8, 1), datetime.date(2020, 8, 2), datetime.date(2020, 8, 4), datetime.date(2020, 8, 6), datetime.date(2020, 8, 7), datetime.date(2020, 8, 8), datetime.date(2020, 8, 9), datetime.date(2020, 8, 10), datetime.date(2020, 8, 11), datetime.date(2020, 8, 12), datetime.date(2020, 8, 13), datetime.date(2020, 8, 14), datetime.date(2020, 8, 16), datetime.date(2020, 8, 17), datetime.date(2020, 8, 18), datetime.date(2020, 8, 22), datetime.date(2020, 8, 29), datetime.date(2020, 8, 30)]","[0.0847457627118644, 0.08601386173804869, 0.1, 0.08746666666666666, 0.08453333333333334, 0.05071942446043166, 0.06313131313131314, 0.06466666666666666, 0.07013333333333334, 0.08906666666666667, 0.07866666666666666, 0.06099251455503188, 0.0660377358490566, 0.08293333333333333, 0.09053333333333333, 0.06379063586178696, 0.08533333333333333, 0.07613333333333333, 0.07333333333333333, 0.084, 0.07826666666666666, 0.09106666666666667, 0.062, 0.0826482042405885, 0.07971547706647045, 0.0915820895522388]",26
45,frozenset({'report'}),"[datetime.date(2020, 7, 25), datetime.date(2020, 7, 26), datetime.date(2020, 7, 27), datetime.date(2020, 7, 28), datetime.date(2020, 7, 29), datetime.date(2020, 7, 30), datetime.date(2020, 7, 31), datetime.date(2020, 8, 1), datetime.date(2020, 8, 2), datetime.date(2020, 8, 4), datetime.date(2020, 8, 6), datetime.date(2020, 8, 7), datetime.date(2020, 8, 8), datetime.date(2020, 8, 9), datetime.date(2020, 8, 10), datetime.date(2020, 8, 11), datetime.date(2020, 8, 12), datetime.date(2020, 8, 13), datetime.date(2020, 8, 14), datetime.date(2020, 8, 16), datetime.date(2020, 8, 17), datetime.date(2020, 8, 18), datetime.date(2020, 8, 22), datetime.date(2020, 8, 29), datetime.date(2020, 8, 30)]","[0.04448788578875659, 0.05093333333333333, 0.04346666666666667, 0.028533333333333334, 0.02805755395683453, 0.03232323232323232, 0.030933333333333334, 0.0408, 0.038533333333333336, 0.0384, 0.038536179650679236, 0.038679245283018866, 0.05026666666666667, 0.050666666666666665, 0.03986914741361685, 0.029333333333333333, 0.04253333333333333, 0.032266666666666666, 0.03813333333333333, 0.04413333333333333, 0.045066666666666665, 0.03626666666666667, 0.042752055387278234, 0.043659553593328425, 0.04513432835820896]",25
56,"frozenset({'test', 'covid'})","[datetime.date(2020, 7, 25), datetime.date(2020, 7, 26), datetime.date(2020, 7, 27), datetime.date(2020, 7, 28), datetime.date(2020, 7, 29), datetime.date(2020, 7, 30), datetime.date(2020, 7, 31), datetime.date(2020, 8, 1), datetime.date(2020, 8, 2), datetime.date(2020, 8, 4), datetime.date(2020, 8, 6), datetime.date(2020, 8, 7), datetime.date(2020, 8, 8), datetime.date(2020, 8, 9), datetime.date(2020, 8, 10), datetime.date(2020, 8, 11), datetime.date(2020, 8, 12), datetime.date(2020, 8, 13), datetime.date(2020, 8, 14), datetime.date(2020, 8, 16), datetime.date(2020, 8, 17), datetime.date(2020, 8, 18), datetime.date(2020, 8, 22), datetime.date(2020, 8, 29), datetime.date(2020, 8, 30)]","[0.0438362656240744, 0.03573333333333333, 0.038533333333333336, 0.038266666666666664, 0.05503597122302158, 0.031818181818181815, 0.03373333333333333, 0.04186666666666667, 0.04853333333333333, 0.0492, 0.04491266980870529, 0.048113207547169815, 0.043866666666666665, 0.0532, 0.03884686158249847, 0.025333333333333333, 0.03253333333333333, 0.038933333333333334, 0.032933333333333335, 0.03866666666666667, 0.0452, 0.03493333333333333, 0.03825183903072263, 0.03384841795437822, 0.033313432835820896]",25
25,frozenset({'time'}),"[datetime.date(2020, 7, 24), datetime.date(2020, 7, 25), datetime.date(2020, 7, 26), datetime.date(2020, 7, 27), datetime.date(2020, 7, 28), datetime.date(2020, 7, 29), datetime.date(2020, 7, 30), datetime.date(2020, 7, 31), datetime.date(2020, 8, 1), datetime.date(2020, 8, 2), datetime.date(2020, 8, 4), datetime.date(2020, 8, 6), datetime.date(2020, 8, 7), datetime.date(2020, 8, 9), datetime.date(2020, 8, 10), datetime.date(2020, 8, 11), datetime.date(2020, 8, 12), datetime.date(2020, 8, 13), datetime.date(2020, 8, 14), datetime.date(2020, 8, 16), datetime.date(2020, 8, 17), datetime.date(2020, 8, 18), datetime.date(2020, 8, 22), datetime.date(2020, 8, 29), datetime.date(2020, 8, 30)]","[0.03389830508474576, 0.027486523310230437, 0.025733333333333334, 0.026, 0.025066666666666668, 0.03237410071942446, 0.03383838383838384, 0.0296, 0.0304, 0.027466666666666667, 0.032933333333333335, 0.02813972830607153, 0.0330188679245283, 0.025466666666666665, 0.027192803107748926, 0.025066666666666668, 0.0308, 0.03266666666666666, 0.0264, 0.025066666666666668, 0.0328, 0.03253333333333333, 0.028212894850713977, 0.02918812852587687, 0.03056716417910448]",25
35,"frozenset({'death', 'covid'})","[datetime.date(2020, 7, 24), datetime.date(2020, 7, 25), datetime.date(2020, 7, 26), datetime.date(2020, 7, 27), datetime.date(2020, 7, 28), datetime.date(2020, 7, 29), datetime.date(2020, 7, 30), datetime.date(2020, 7, 31), datetime.date(2020, 8, 1), datetime.date(2020, 8, 2), datetime.date(2020, 8, 4), datetime.date(2020, 8, 6), datetime.date(2020, 8, 7), datetime.date(2020, 8, 8), datetime.date(2020, 8, 9), datetime.date(2020, 8, 10), datetime.date(2020, 8, 12), datetime.date(2020, 8, 13), datetime.date(2020, 8, 14), datetime.date(2020, 8, 16), datetime.date(2020, 8, 17), datetime.date(2020, 8, 18), datetime.date(2020, 8, 22), datetime.date(2020, 8, 29), datetime.date(2020, 8, 30)]","[0.04406779661016949, 0.040637402997452755, 0.05853333333333333, 0.044533333333333334, 0.039733333333333336, 0.03381294964028777, 0.03535353535353535, 0.028533333333333334, 0.04053333333333333, 0.03693333333333333, 0.046266666666666664, 0.038536179650679236, 0.040566037735849055, 0.04413333333333333, 0.0484, 0.03721120425270906, 0.037866666666666667, 0.032933333333333335, 0.04426666666666667, 0.055733333333333336, 0.05053333333333333, 0.038533333333333336, 0.0430116832540026, 0.054942359578121165, 0.06388059701492538]",25
52,"frozenset({'new', 'covid'})","[datetime.date(2020, 7, 25), datetime.date(2020, 7, 26), datetime.date(2020, 7, 27), datetime.date(2020, 7, 28), datetime.date(2020, 7, 29), datetime.date(2020, 7, 30), datetime.date(2020, 7, 31), datetime.date(2020, 8, 1), datetime.date(2020, 8, 2), datetime.date(2020, 8, 4), datetime.date(2020, 8, 6), datetime.date(2020, 8, 7), datetime.date(2020, 8, 8), datetime.date(2020, 8, 9), datetime.date(2020, 8, 10), datetime.date(2020, 8, 11), datetime.date(2020, 8, 12), datetime.date(2020, 8, 13), datetime.date(2020, 8, 14), datetime.date(2020, 8, 16), datetime.date(2020, 8, 17), datetime.date(2020, 8, 18), datetime.date(2020, 8, 22), datetime.date(2020, 8, 29), datetime.date(2020, 8, 30)]","[0.05248504235531071, 0.06853333333333333, 0.052, 0.0472, 0.045323741007194246, 0.044444444444444446, 0.0504, 0.046266666666666664, 0.042666666666666665, 0.04053333333333333, 0.05225949542556141, 0.0509433962264151, 0.05386666666666667, 0.06293333333333333, 0.05050092005724801, 0.05533333333333333, 0.06253333333333333, 0.05, 0.05266666666666667, 0.05586666666666667, 0.062266666666666665, 0.058, 0.05028126352228472, 0.054942359578121165, 0.06256716417910448]",25
14,frozenset({'need'}),"[datetime.date(2020, 7, 24), datetime.date(2020, 7, 25), datetime.date(2020, 7, 26), datetime.date(2020, 7, 27), datetime.date(2020, 7, 28), datetime.date(2020, 7, 29), datetime.date(2020, 7, 30), datetime.date(2020, 7, 31), datetime.date(2020, 8, 1), datetime.date(2020, 8, 2), datetime.date(2020, 8, 4), datetime.date(2020, 8, 6), datetime.date(2020, 8, 7), datetime.date(2020, 8, 8), datetime.date(2020, 8, 10), datetime.date(2020, 8, 11), datetime.date(2020, 8, 12), datetime.date(2020, 8, 13), datetime.date(2020, 8, 16), datetime.date(2020, 8, 17), datetime.date(2020, 8, 18), datetime.date(2020, 8, 22), datetime.date(2020, 8, 29), datetime.date(2020, 8, 30)]","[0.04406779661016949, 0.02612404478407677, 0.031466666666666664, 0.0296, 0.0328, 0.03561151079136691, 0.03080808080808081, 0.0432, 0.0288, 0.0288, 0.027733333333333332, 0.03909065705572498, 0.03679245283018868, 0.03626666666666667, 0.03946023308116949, 0.029066666666666668, 0.028266666666666666, 0.027866666666666668, 0.029466666666666665, 0.028266666666666666, 0.028533333333333334, 0.02942449156209433, 0.025754231052244298, 0.028298507462686567]",24
10,frozenset({'health'}),"[datetime.date(2020, 7, 24), datetime.date(2020, 7, 25), datetime.date(2020, 7, 27), datetime.date(2020, 7, 28), datetime.date(2020, 7, 29), datetime.date(2020, 7, 30), datetime.date(2020, 7, 31), datetime.date(2020, 8, 1), datetime.date(2020, 8, 2), datetime.date(2020, 8, 4), datetime.date(2020, 8, 6), datetime.date(2020, 8, 7), datetime.date(2020, 8, 8), datetime.date(2020, 8, 9), datetime.date(2020, 8, 10), datetime.date(2020, 8, 11), datetime.date(2020, 8, 12), datetime.date(2020, 8, 13), datetime.date(2020, 8, 14), datetime.date(2020, 8, 16), datetime.date(2020, 8, 17), datetime.date(2020, 8, 18), datetime.date(2020, 8, 22), datetime.date(2020, 8, 29)]","[0.03389830508474576, 0.029856051181802026, 0.025466666666666665, 0.026, 0.03093525179856115, 0.03282828282828283, 0.03693333333333333, 0.025866666666666666, 0.0252, 0.027466666666666667, 0.03548655392292764, 0.029245283018867925, 0.0296, 0.0256, 0.03025966060110407, 0.03186666666666667, 0.0312, 0.03333333333333333, 0.030533333333333332, 0.028266666666666666, 0.027466666666666667, 0.0364, 0.027953266983989616, 0.030414520480745645]",24
5,frozenset({'day'}),"[datetime.date(2020, 7, 24), datetime.date(2020, 7, 25), datetime.date(2020, 7, 26), datetime.date(2020, 7, 27), datetime.date(2020, 7, 28), datetime.date(2020, 7, 29), datetime.date(2020, 7, 30), datetime.date(2020, 7, 31), datetime.date(2020, 8, 1), datetime.date(2020, 8, 2), datetime.date(2020, 8, 4), datetime.date(2020, 8, 6), datetime.date(2020, 8, 8), datetime.date(2020, 8, 9), datetime.date(2020, 8, 11), datetime.date(2020, 8, 12), datetime.date(2020, 8, 13), datetime.date(2020, 8, 14), datetime.date(2020, 8, 16), datetime.date(2020, 8, 17), datetime.date(2020, 8, 18), datetime.date(2020, 8, 22), datetime.date(2020, 8, 29), datetime.date(2020, 8, 30)]","[0.03389830508474576, 0.04188140513002784, 0.04493333333333333, 0.051866666666666665, 0.03866666666666667, 0.025899280575539568, 0.03282828282828283, 0.0284, 0.034133333333333335, 0.0304, 0.0344, 0.027862489603548656, 0.0268, 0.0672, 0.0336, 0.03866666666666667, 0.03693333333333333, 0.042666666666666665, 0.0328, 0.031733333333333336, 0.030266666666666667, 0.041886629164863694, 0.03384841795437822, 0.043940298507462686]",24
49,"frozenset({'case', 'new'})","[datetime.date(2020, 7, 25), datetime.date(2020, 7, 26), datetime.date(2020, 7, 27), datetime.date(2020, 7, 28), datetime.date(2020, 7, 30), datetime.date(2020, 7, 31), datetime.date(2020, 8, 1), datetime.date(2020, 8, 2), datetime.date(2020, 8, 4), datetime.date(2020, 8, 6), datetime.date(2020, 8, 7), datetime.date(2020, 8, 8), datetime.date(2020, 8, 9), datetime.date(2020, 8, 10), datetime.date(2020, 8, 11), datetime.date(2020, 8, 12), datetime.date(2020, 8, 13), datetime.date(2020, 8, 14), datetime.date(2020, 8, 16), datetime.date(2020, 8, 17), datetime.date(2020, 8, 18), datetime.date(2020, 8, 22), datetime.date(2020, 8, 29), datetime.date(2020, 8, 30)]","[0.03880101889698478, 0.05026666666666667, 0.0372, 0.03266666666666666, 0.027777777777777776, 0.0252, 0.031466666666666664, 0.0344, 0.027333333333333334, 0.02522872192958137, 0.026415094339622643, 0.03986666666666667, 0.04413333333333333, 0.03393988959313024, 0.0292, 0.04186666666666667, 0.029333333333333333, 0.03613333333333334, 0.04173333333333333, 0.039733333333333336, 0.03213333333333333, 0.0332323669407183, 0.05469708118714741, 0.05922388059701492]",24
47,"frozenset({'amp', 'covid'})","[datetime.date(2020, 7, 25), datetime.date(2020, 7, 26), datetime.date(2020, 7, 27), datetime.date(2020, 7, 28), datetime.date(2020, 7, 29), datetime.date(2020, 7, 30), datetime.date(2020, 7, 31), datetime.date(2020, 8, 1), datetime.date(2020, 8, 2), datetime.date(2020, 8, 4), datetime.date(2020, 8, 6), datetime.date(2020, 8, 7), datetime.date(2020, 8, 8), datetime.date(2020, 8, 9), datetime.date(2020, 8, 10), datetime.date(2020, 8, 11), datetime.date(2020, 8, 12), datetime.date(2020, 8, 13), datetime.date(2020, 8, 14), datetime.date(2020, 8, 16), datetime.date(2020, 8, 17), datetime.date(2020, 8, 18), datetime.date(2020, 8, 22), datetime.date(2020, 8, 30)]","[0.030448433149694924, 0.038266666666666664, 0.04013333333333333, 0.034133333333333335, 0.03633093525179856, 0.03535353535353535, 0.034666666666666665, 0.030933333333333334, 0.0308, 0.039733333333333336, 0.04713057942888827, 0.04433962264150943, 0.03426666666666667, 0.0292, 0.0316908607646698, 0.028533333333333334, 0.03426666666666667, 0.04346666666666667, 0.03186666666666667, 0.0292, 0.0308, 0.03186666666666667, 0.028039809606231068, 0.03498507462686567]",24
43,frozenset({'like'}),"[datetime.date(2020, 7, 25), datetime.date(2020, 7, 26), datetime.date(2020, 7, 27), datetime.date(2020, 7, 28), datetime.date(2020, 7, 29), datetime.date(2020, 7, 30), datetime.date(2020, 7, 31), datetime.date(2020, 8, 1), datetime.date(2020, 8, 2), datetime.date(2020, 8, 4), datetime.date(2020, 8, 7), datetime.date(2020, 8, 8), datetime.date(2020, 8, 9), datetime.date(2020, 8, 10), datetime.date(2020, 8, 12), datetime.date(2020, 8, 14), datetime.date(2020, 8, 16), datetime.date(2020, 8, 18), datetime.date(2020, 8, 22), datetime.date(2020, 8, 29), datetime.date(2020, 8, 30)]","[0.027190332326283987, 0.026133333333333335, 0.028533333333333334, 0.026933333333333333, 0.02877697841726619, 0.03434343434343434, 0.029066666666666668, 0.029466666666666665, 0.03213333333333333, 0.0256, 0.026415094339622643, 0.028533333333333334, 0.025466666666666665, 0.027192803107748926, 0.0264, 0.027333333333333334, 0.030266666666666667, 0.029333333333333333, 0.027780181739506707, 0.029433406916850625, 0.025432835820895523]",21
53,"frozenset({'peopl', 'covid'})","[datetime.date(2020, 7, 25), datetime.date(2020, 7, 26), datetime.date(2020, 7, 27), datetime.date(2020, 7, 28), datetime.date(2020, 7, 29), datetime.date(2020, 7, 30), datetime.date(2020, 7, 31), datetime.date(2020, 8, 1), datetime.date(2020, 8, 2), datetime.date(2020, 8, 8), datetime.date(2020, 8, 9), datetime.date(2020, 8, 11), datetime.date(2020, 8, 12), datetime.date(2020, 8, 13), datetime.date(2020, 8, 14), datetime.date(2020, 8, 16), datetime.date(2020, 8, 17), datetime.date(2020, 8, 22), datetime.date(2020, 8, 29), datetime.date(2020, 8, 30)]","[0.02665718855518038, 0.0276, 0.0276, 0.029466666666666665, 0.027697841726618704, 0.03686868686868687, 0.025066666666666668, 0.032933333333333335, 0.031066666666666666, 0.033466666666666665, 0.0324, 0.026933333333333333, 0.030933333333333334, 0.027066666666666666, 0.0268, 0.028133333333333333, 0.0252, 0.031674599740372136, 0.025018395879323033, 0.027820895522388058]",20
26,frozenset({'today'}),"[datetime.date(2020, 7, 24), datetime.date(2020, 7, 25), datetime.date(2020, 7, 26), datetime.date(2020, 7, 27), datetime.date(2020, 7, 29), datetime.date(2020, 7, 30), datetime.date(2020, 7, 31), datetime.date(2020, 8, 1), datetime.date(2020, 8, 6), datetime.date(2020, 8, 7), datetime.date(2020, 8, 8), datetime.date(2020, 8, 9), datetime.date(2020, 8, 10), datetime.date(2020, 8, 11), datetime.date(2020, 8, 12), datetime.date(2020, 8, 13), datetime.date(2020, 8, 17), datetime.date(2020, 8, 18), datetime.date(2020, 8, 29)]","[0.03728813559322034, 0.0265387121616018, 0.025733333333333334, 0.0272, 0.033093525179856115, 0.04696969696969697, 0.0388, 0.03266666666666666, 0.0383975602994178, 0.03773584905660377, 0.035333333333333335, 0.0276, 0.04089143324473523, 0.0264, 0.0352, 0.0316, 0.0272, 0.037333333333333336, 0.035074809909246996]",19
